{
    "masterVolume": 0.3723492920398712,
    "UIVolume": 0.735928475856781,
    "bgmVolume": 1.0,
    "sfxVolume": 0.7227248549461365
}