{
    "masterVolume": 0.13624252378940583,
    "UIVolume": 0.28455662727355959,
    "bgmVolume": 0.505958616733551,
    "sfxVolume": 0.5165088772773743
}