{
    "masterVolume": 0.43762293457984927,
    "UIVolume": 0.28455662727355959,
    "bgmVolume": 0.2740887999534607,
    "sfxVolume": 0.5165088772773743
}