{
    "masterVolume": 0.10202215611934662,
    "UIVolume": 0.735928475856781,
    "bgmVolume": 1.0,
    "sfxVolume": 0.7227248549461365
}