{
    "masterVolume": 0.5751997232437134,
    "UIVolume": 0.4381536543369293,
    "bgmVolume": 0.7255240678787231,
    "sfxVolume": 0.6428685188293457
}