{
    "masterVolume": 0.38935035467147829,
    "UIVolume": 0.28455662727355959,
    "bgmVolume": 0.4864887595176697,
    "sfxVolume": 0.5165088772773743
}