{
    "masterVolume": 0.5114681720733643,
    "UIVolume": 0.735928475856781,
    "bgmVolume": 0.3134148418903351,
    "sfxVolume": 0.7227248549461365
}